-- phpMyAdmin SQL Dump
-- version 4.8.5
-- https://www.phpmyadmin.net/
--
-- Host: localhost
-- Generation Time: May 26, 2019 at 02:50 PM
-- Server version: 5.7.26-0ubuntu0.16.04.1
-- PHP Version: 7.0.33-0ubuntu0.16.04.4

CREATE DATABASE IF NOT EXISTS smart_home;

USE smart_home;

SET SQL_MODE = "NO_AUTO_VALUE_ON_ZERO";
SET AUTOCOMMIT = 0;
START TRANSACTION;
SET time_zone = "+00:00";


/*!40101 SET @OLD_CHARACTER_SET_CLIENT=@@CHARACTER_SET_CLIENT */;
/*!40101 SET @OLD_CHARACTER_SET_RESULTS=@@CHARACTER_SET_RESULTS */;
/*!40101 SET @OLD_COLLATION_CONNECTION=@@COLLATION_CONNECTION */;
/*!40101 SET NAMES utf8mb4 */;

--
-- Database: `smart_home`
--

-- --------------------------------------------------------

CREATE TABLE `Dispositivos` (
  `dispositivoId` int(11) NOT NULL,
  `nombre` varchar(200) DEFAULT NULL,
  `ubicacion` varchar(200) DEFAULT NULL,
  `electrovalvulaId` int(11) NOT NULL
) ENGINE=InnoDB DEFAULT CHARSET=latin1;

INSERT INTO `Dispositivos` (`dispositivoId`, `nombre`, `ubicacion`, `electrovalvulaId`) VALUES
(1, 'Sensor 1', 'Patio', 1),
(2, 'Sensor 2', 'Cocina', 2),
(3, 'Sensor 3', 'Jardin Delantero', 3),
(4, 'Sensor 4', 'Living', 4),
(5, 'Sensor 5', 'Habitacion 1', 5),
(6, 'Sensor 6', 'Habitacion 2', 6);

CREATE TABLE `Electrovalvulas` (
  `electrovalvulaId` int(11) NOT NULL,
  `nombre` varchar(45) DEFAULT NULL
) ENGINE=InnoDB DEFAULT CHARSET=latin1;

INSERT INTO `Electrovalvulas` (`electrovalvulaId`, `nombre`) VALUES
(1, 'eLPatio'),
(2, 'eLCocina'),
(3, 'eLJardinDelantero'),
(4, 'eLLiving'),
(5, 'eLHabitacion1'),
(6, 'eLHabitacion2');

CREATE TABLE `Log_Riegos` (
  `logRiegoId` int(11) NOT NULL,
  `apertura` tinyint(4) DEFAULT NULL,
  `fecha` datetime DEFAULT NULL,
  `electrovalvulaId` int(11) NOT NULL
) ENGINE=InnoDB DEFAULT CHARSET=latin1;

CREATE TABLE `Mediciones` (
  `medicionId` int(11) NOT NULL,
  `fecha` datetime DEFAULT NULL,
  `valor` varchar(100) DEFAULT NULL,
  `dispositivoId` int(11) NOT NULL
) ENGINE=InnoDB DEFAULT CHARSET=latin1;

INSERT INTO `Mediciones` (`medicionId`, `fecha`, `valor`, `dispositivoId`) VALUES
(1, '2020-11-26 21:19:41', '60', 1),
(2, '2020-11-26 21:19:41', '40', 1),
(3, '2020-11-26 21:19:41', '30', 2),
(4, '2020-11-26 21:19:41', '50', 3),
(5, '2020-11-26 21:19:41', '33', 5),
(6, '2020-11-26 21:19:41', '17', 4),
(7, '2020-11-26 21:19:41', '29', 6),
(8, '2020-11-26 21:19:41', '20', 1),
(9, '2020-11-26 21:19:41', '44', 4),
(10, '2020-11-26 21:19:41', '61', 5),
(11, '2020-11-26 21:19:41', '12', 2);

ALTER TABLE `Dispositivos`
  ADD PRIMARY KEY (`dispositivoId`,`electrovalvulaId`),
  ADD KEY `fk_Dispositivos_Electrovalvulas1_idx` (`electrovalvulaId`);

  ALTER TABLE `Electrovalvulas`
  ADD PRIMARY KEY (`electrovalvulaId`);

  ALTER TABLE `Log_Riegos`
  ADD PRIMARY KEY (`logRiegoId`,`electrovalvulaId`),
  ADD KEY `fk_Log_Riegos_Electrovalvulas1_idx` (`electrovalvulaId`);

  ALTER TABLE `Mediciones`
  ADD PRIMARY KEY (`medicionId`,`dispositivoId`),
  ADD KEY `fk_Mediciones_Dispositivos_idx` (`dispositivoId`);

  ALTER TABLE `Dispositivos`
  MODIFY `dispositivoId` int(11) NOT NULL AUTO_INCREMENT, AUTO_INCREMENT=7;

  ALTER TABLE `Electrovalvulas`
  MODIFY `electrovalvulaId` int(11) NOT NULL AUTO_INCREMENT, AUTO_INCREMENT=7;

  ALTER TABLE `Log_Riegos`
  MODIFY `logRiegoId` int(11) NOT NULL AUTO_INCREMENT;

  ALTER TABLE `Mediciones`
  MODIFY `medicionId` int(11) NOT NULL AUTO_INCREMENT, AUTO_INCREMENT=12;

  ALTER TABLE `Dispositivos`
  ADD CONSTRAINT `fk_Dispositivos_Electrovalvulas1` FOREIGN KEY (`electrovalvulaId`) REFERENCES `Electrovalvulas` (`electrovalvulaId`) ON DELETE NO ACTION ON UPDATE NO ACTION;

  ALTER TABLE `Log_Riegos`
  ADD CONSTRAINT `fk_Log_Riegos_Electrovalvulas1` FOREIGN KEY (`electrovalvulaId`) REFERENCES `Electrovalvulas` (`electrovalvulaId`) ON DELETE NO ACTION ON UPDATE NO ACTION;

  ALTER TABLE `Mediciones`
  ADD CONSTRAINT `fk_Mediciones_Dispositivos` FOREIGN KEY (`dispositivoId`) REFERENCES `Dispositivos` (`dispositivoId`) ON DELETE NO ACTION ON UPDATE NO ACTION;
COMMIT;


